experiment_name,model_family,primary_target,model_name,capacity_mae,capacity_rmse,capacity_smape,soh_mae,soh_rmse,soh_smape,n,train_end_cycle
pre_eol_70_split,deep_learning,capacity_ah,NHITS,0.0209316293158111,0.0282940550568336,2.204793424958322,0.0184188864118504,0.0248974878333433,2.204793424958322,163,381
pre_eol_70_split,deep_learning,capacity_ah,PatchTST,0.0210946692405989,0.0301025713670486,2.2239756714608165,0.0185623541663168,0.0264889003311113,2.2239756714608165,163,381
post_eol_75_split,deep_learning,capacity_ah,NHITS,0.1734134191845228,0.2113217583856948,27.905235228183894,0.1525959600210201,0.1859535827494553,27.905235228183894,217,657
post_eol_75_split,deep_learning,capacity_ah,PatchTST,0.2070868715266837,0.2423347350026896,31.990007691940896,0.1822270739886564,0.2132435984946852,31.990007691940896,217,657
