experiment_name,model_family,primary_target,model_name,capacity_mae,capacity_rmse,capacity_smape,soh_mae,soh_rmse,soh_smape,n,train_end_cycle
post_eol_75_split,machine_learning,capacity_ah,RidgeRegression,0.1715194900889069,0.20679032379367263,27.658038670506652,0.15092938813796566,0.18196612540564788,27.658038670506645,217,657
post_eol_75_split,machine_learning,capacity_ah,RandomForestRegressor,0.23616244860172825,0.2766438113380067,35.27035594653911,0.20781226582557272,0.24343403280733397,35.27035594653912,217,657
pre_eol_70_split,machine_learning,capacity_ah,RidgeRegression,0.0285974724349932,0.03344860681958244,3.0227257360120476,0.025164481393155764,0.029433260084496194,3.0227257360120476,163,381
pre_eol_70_split,machine_learning,capacity_ah,RandomForestRegressor,0.029467338998699955,0.041368144874759614,3.081938924618906,0.025929924598204257,0.03640209512699573,3.0819389246189064,163,381
