step,point_forecast,p10,p90
160,3.437001,3.362519,3.558013
161,3.432393,3.329043,3.605675
162,3.416937,3.289571,3.610607
163,3.381770,3.227883,3.609053
164,3.325780,3.159401,3.537674
165,3.284342,3.122503,3.528243
166,3.173263,3.002480,3.434058
167,3.052191,2.845150,3.322017
168,2.949912,2.805477,3.171783
169,2.874961,2.713350,3.105194
170,2.772580,2.637395,3.008861
171,2.679862,2.480090,2.968861
